Iteration,Average_Reward
1,0.009520833333333334
2,0.0011041666666666667
