Iteration,Agent_ID,Average_Reward
1,0,0.0026041666666666665
1,1,0.01333333333333333
1,2,0.003958333333333334
1,3,0.006666666666666667
1,4,0.0010416666666666667
