Iteration,Agent_ID,Average_Reward
1,0,0.0077083333333333335
1,1,0.02270833333333333
1,2,0.0134375
1,3,0.0027083333333333334
1,4,0.0010416666666666667
2,0,0.005104166666666667
2,1,0.0
2,2,0.0
2,3,0.0004166666666666667
2,4,0.0
