Iteration,Agent_ID,Average_Reward
1,0,-2.446927083333321
1,1,-2.369510416666632
1,2,-2.749687499999988
1,3,-1.8979166666666363
1,4,-2.356052083333315
