Iteration,Average_Reward
1,0.011279166666666497
2,0.05997916666666486
3,0.06665833333333133
4,0.0599999999999982
5,0.0599999999999982
